{
  "project_info": {
    "project_number": "272596324064",
    "project_id": "lab-5-9a1cf",
    "storage_bucket": "lab-5-9a1cf.appspot.com"
  },
  "client": [
    {
      "client_info": {
        "mobilesdk_app_id": "1:272596324064:android:5a741c8c2e37373d484a85",
        "android_client_info": {
          "package_name": "com.example.lab5"
        }
      },
      "oauth_client": [],
      "api_key": [
        {
          "current_key": "AIzaSyD_h5s-nXiLt1JxlA7MT-tsvzk-I909fsg"
        }
      ],
      "services": {
        "appinvite_service": {
          "other_platform_oauth_client": []
        }
      }
    }
  ],
  "configuration_version": "1"
}